tweet_id,text,created_at,retweet_count,like_count,fact_check
1846520655954543029,"1. Focus on emotional and mental health.

Barbara connects emotional well-being to cancer prevention. 

Chronic stress can weaken your immune system, so she recommends:

• Breathing practices
• Surrounding yourself with positive influences 
• Reducing stress through prayer,… https://t.co/YQUCSGVTfN https://t.co/NglZlcczsa",2024-10-16T11:56:45+00:00,93,492,True
1847562567541039588,"@readwttweet @KeefJerky91 @TrueNor44295062 @toobaffled can lead up to cancer cause they all are damaging to the cells. Radiation (like Sun, nuclear, x-rays) also.
In one person it will start after a parasitic infection but they are rare in comparison to other infections like bacterial or viral.
The reason many people lost trust in",2024-10-19T08:56:56+00:00,0,0,True
1846520393076498571,"6. Sunlight exposure.

Vitamin D from sunlight is vital for cancer prevention. 

Barbara advises 15-30 minutes of safe sun exposure daily to maintain healthy vitamin D levels and support immune function. https://t.co/i0vUm8jLd9",2024-10-16T11:55:43+00:00,82,499,True
1847495561873609086,"Cancer prevention involves adopting a healthy lifestyle and making choices that reduce the risk of developing cancer.Key strategies include:
1.Avoiding tobacco
2 .Eating a healthy diet
3 Maintaining a regular weight
4.Protecting skin from the sun
5. Getting vaccinated",2024-10-19T04:30:41+00:00,38,49,True
1846439191376244736,"Make it a daily drink
The bitterness in hot lemon water is the best substance to prevent cancer cells.
Cold lemon water only has vitamin C, no cancer prevention.
Hot lemon water can control cancer tumor growth.",2024-10-16T06:33:03+00:00,26,205,False
1846437824175735118,"Both yellow and purple sweet potato have good cancer prevention properties.

01. Often taking late night dinner can increase the chance of stomach cancer
02. Take more than 3 eggs per week
03. Eating chicken backside can cause stomach cancer",2024-10-16T06:27:37+00:00,41,289,False
1846880527174729848,"Men, did you know that a few simple lifestyle changes could help you avoid some of the most common health risks?

From your heart health to cancer prevention, here are 5 diseases you should know about, and how to reduce your risk 

A thread https://t.co/caYuvYMILK",2024-10-17T11:46:45+00:00,253,712,True
1847552421116915899,"@Jamoooret @MakisMD Hard COVID was treated with immunosuppressive drugs, leading to hyperinfection of the parasite Strongyloides stercoralis — causing sudden deaths. Fun fact: Ivermectin is the only drug that kills it.  It sparked the false claim it kills the virus. But it kills cancer-cause too",2024-10-19T08:16:37+00:00,0,2,False
1846880527174729848,"Men, did you know that a few simple lifestyle changes could help you avoid some of the most common health risks?

From your heart health to cancer prevention, here are 5 diseases you should know about, and how to reduce your risk 

A thread https://t.co/caYuvYMILK",2024-10-17T11:46:45+00:00,253,712,True
1847495561873609086,"Cancer prevention involves adopting a healthy lifestyle and making choices that reduce the risk of developing cancer.Key strategies include:
1.Avoiding tobacco
2 .Eating a healthy diet
3 Maintaining a regular weight
4.Protecting skin from the sun
5. Getting vaccinated",2024-10-19T04:30:41+00:00,38,49,True
1847495561873609086,"Cancer prevention involves adopting a healthy lifestyle and making choices that reduce the risk of developing cancer.Key strategies include:
1.Avoiding tobacco
2 .Eating a healthy diet
3 Maintaining a regular weight
4.Protecting skin from the sun
5. Getting vaccinated",2024-10-19T04:30:41+00:00,38,49,True
1847495561873609086,"Cancer prevention involves adopting a healthy lifestyle and making choices that reduce the risk of developing cancer.Key strategies include:
1.Avoiding tobacco
2 .Eating a healthy diet
3 Maintaining a regular weight
4.Protecting skin from the sun
5. Getting vaccinated",2024-10-19T04:30:41+00:00,38,49,True
1847519265689423927,"This is an incredibly important position paper on prophylactic salpingectomy and risk-reducing surgery. As surgeons, we should consider adopting this simple, low-risk procedure during appropriate surgeries to actively contribute to cancer prevention. https://t.co/KFh2w2EyFs",2024-10-19T06:04:52+00:00,0,0,
1847495561873609086,"Cancer prevention involves adopting a healthy lifestyle and making choices that reduce the risk of developing cancer.Key strategies include:
1.Avoiding tobacco
2 .Eating a healthy diet
3 Maintaining a regular weight
4.Protecting skin from the sun
5. Getting vaccinated",2024-10-19T04:30:41+00:00,38,49,True
1847514558144884915,RT @_RJ03: Cancer prevention involves adopting a healthy lifestyle and making choices that reduce the risk of developing cancer.Key strateg…,2024-10-19T05:46:10+00:00,38,0,True
1847512291018719279,RT @_RJ03: Cancer prevention involves adopting a healthy lifestyle and making choices that reduce the risk of developing cancer.Key strateg…,2024-10-19T05:37:09+00:00,38,0,True
1847512250778570914,RT @_RJ03: Cancer prevention involves adopting a healthy lifestyle and making choices that reduce the risk of developing cancer.Key strateg…,2024-10-19T05:37:00+00:00,38,0,True
1847509032220643592,RT @_RJ03: Cancer prevention involves adopting a healthy lifestyle and making choices that reduce the risk of developing cancer.Key strateg…,2024-10-19T05:24:12+00:00,38,0,True
1847508454383964399,RT @_RJ03: Cancer prevention involves adopting a healthy lifestyle and making choices that reduce the risk of developing cancer.Key strateg…,2024-10-19T05:21:55+00:00,38,0,True
1847508240994607309,RT @_RJ03: Cancer prevention involves adopting a healthy lifestyle and making choices that reduce the risk of developing cancer.Key strateg…,2024-10-19T05:21:04+00:00,38,0,True
1847508046521532445,RT @_RJ03: Cancer prevention involves adopting a healthy lifestyle and making choices that reduce the risk of developing cancer.Key strateg…,2024-10-19T05:20:17+00:00,38,0,True
